Artist, Count
bassnectar, 56
oolacile, 32
code pandorum, 30
excision, 30
midnight tyrannosaurus, 26
spag heddy, 26
svdden death, 26
herobust, 23
g jones, 20
slushii, 19
dion timmer, 18
odesza, 18
illenium, 16
graphyt, 15
yookie, 15
kadaver, 15
trampa, 14
snails, 14
megalodon, 14
12th planet, 14
ponicz, 13
debroka, 13
figure, 13
virtual riot, 13
flume, 12
carbin, 12
eliminate, 12
dubloadz, 12
barely alive, 12
nero, 12
kai wachi, 11
slander, 11
samplifire, 11
quix, 11
hekler, 11
eptic, 11
dr. ozi, 10
krimer, 10
riot ten, 10
dmvu, 10
champagne drip, 10
space laces, 10
porter robinson, 10
tisoki, 10
badklaat, 10
mastadon, 10
boombox cartel, 10
phaseone, 10
x&g, 10
adair, 10
nghtmre, 10
downlink, 9
revazz, 9
holly, 9
eprom, 9
murda, 9
laxx, 9
alix perez, 9
digital ethos, 9
signs, 9
monxx, 9
ivory, 9
nostalgia, 9
jphelpz, 9
krane, 8
the others, 8
trilla, 8
culprate, 8
ivy lab, 8
eh!de, 8
tascione, 8
griz, 8
seven lions, 8
gentlemens club, 7
oddprophet, 7
yultron, 7
creaky jackals, 7
slumberjack, 7
chime, 7
dalek one, 7
getter, 7
kompany, 7
tsuruda, 7
tynvn, 7
jarvis, 7
dabow, 7
digitist, 6
what so not, 6
pegboard nerds, 6
lemay, 6
ewol, 6
jackal, 6
hi im ghost, 6
zeds dead, 6
kayzo, 6
zomboy, 6
noisia, 6
ray volpe, 6
flux pavilion, 6
skrillex, 6
qoiet, 6
must die!, 6
funtcase, 6
protohype, 6
tuslo, 6
hydraulix, 6
g-rex, 6
adventure club, 6
axel boy, 6
chibs, 6
ecraze, 6
trolley snatcha, 6
sullivan king, 6
loudpvck, 6
sam king, 6
squnto, 6
rickyxsan, 6
marshmello, 5
minesweepa, 5
phiso, 5
diskord, 5
dirt monkey, 5
conrank, 5
clozee, 5
chee, 5
cesqeaux, 5
kuroshi, 5
habstrakt, 5
bleep bloop, 5
tipper, 5
bear grillz, 5
bare, 5
bailo, 5
aryaxz, 5
xaebor, 5
yheti, 5
a girl, 5
a boy, 5
tha trickaz, 5
tank parade, 4
top $helf, 4
wiwek, 4
luzcid, 4
luude, 4
cookie monsta, 4
graves, 4
luca lush, 4
div-ide, 4
twine, 4
feed me, 4
halogenix, 4
london nebel, 4
whipped cream, 4
2scoops, 4
levitate, 4
hex cougar, 4
soltan, 4
kursa, 4
truth, 4
hopsteady, 4
virtual self, 4
nitti gritti, 4
dr, 4
dark harmonics, 4
the frim, 4
freaky, 4
sbk., 4
insideinfo, 4
xilent, 4
wooli, 4
cherney, 4
pixel terror, 4
klax, 4
kill rex, 4
monty, 4
khiva, 4
untitld, 4
boogie t, 4
atik, 4
rix cena, 4
rico act, 3
yunis, 3
jaykode, 3
katt, 3
jauz, 3
jameston thieves, 3
infuze, 3
havok roth, 3
lookas, 3
lumberjvck, 3
machinecode, 3
gld, 3
mat zo, 3
gh0sh, 3
micah martin, 3
miguel, 3
moniker, 3
gammer, 3
moody good, 3
fuski, 3
fransis derelle, 3
former, 3
nimda, 3
flakzz, 3
felmax, 3
far too loud, 3
ookay, 3
party thieves, 3
prophet, 3
dodge, 3
ramzoid, 3
ravachol, 3
doctor p, 3
razat, 3
rezz, 3
julo, 3
k.l.o, 3
dirtyphonics, 3
run dmt, 3
samba, 3
$unday $ervice, 3
shlump, 3
craze, 3
somnium sound, 3
bro safari, 3
suboxyde, 3
subtronics, 3
sumthin sumthin, 3
bloodthinnerz, 3
black tiger sex machine, 3
the widdler, 3
bite me, 3
bandlez, 3
trollphace, 3
aweminus, 3
turno, 3
ubur, 3
astrex, 3
valentino khan, 3
answerd, 3
virus syndicate, 3
vorso, 3
alon mor, 3
william., 3
aimless, 3
wuki, 3
afk, 3
adiidas, 3
ydg, 3
yellow claw, 3
ad astra, 3
8er$, 3
div-div, 2
kucka, 2
ill.gates, 2
formal one, 2
noah cyrus, 2
noclu, 2
flosstradamus, 2
hugeative, 2
kyral, 2
hoverboots, 2
of the trees, 2
ohmy, 2
oliverse, 2
hmu, 2
ethan glass, 2
oriental cravings, 2
paix, 2
panda eyes, 2
parker, 2
part native, 2
herzeloyde, 2
esseks, 2
esq, 2
elliphant, 2
ekali, 2
dwarv, 2
popsikl, 2
drevm, 2
lit lords, 2
dotcom, 2
pushloop, 2
dorfex bos, 2
jupe, 2
karra, 2
guillotine, 2
grey code, 2
jvst say yes, 2
reija lee, 2
dj snake, 2
goopsteppa, 2
ricky remedy, 2
lux, 2
gnar gnar, 2
riot, 2
lxxk, 2
diplo, 2
m.i.m.e, 2
diamond pistols, 2
sam lamar, 2
jay fresh, 2
detrace, 2
san holo, 2
sayer, 2
deadmau5, 2
macntaj, 2
shades, 2
maddface, 2
shockone, 2
dack janiels, 2
sikdope, 2
siskiyou, 2
cromatik, 2
sktchy ppl, 2
skylark, 2
madi, 2
clips, 2
caspa, 2
smksgnls, 2
calcium, 2
solah, 2
bukez finezt, 2
mark instinct, 2
bueg, 2
mark the beast, 2
brillz, 2
stabby, 2
stalker, 2
stereoliez, 2
sub-human, 2
k-d, 2
subp yao, 2
subsurge, 2
masayoshi iimori, 2
breaux, 2
mashok, 2
botnek, 2
take-five, 2
born i music, 2
gladez, 2
teminite, 2
bleu clair, 2
blaize, 2
the galaxy, 2
jantsen, 2
max, 2
mefjus, 2
big gigantic, 2
toadface, 2
todiefor, 2
banko, 2
torqux, 2
kill the noise, 2
badrapper, 2
bad decisions, 2
merky ace, 2
aylen, 2
messinian, 2
jorgen odegard, 2
away, 2
twerl, 2
avila, 2
two owls, 2
tynan, 2
atliens, 2
gg magree, 2
um.., 2
unkwn, 2
unlike pluto, 2
mighty duck, 2
uz, 2
klaxx, 2
vice city, 2
villain, 2
aryay, 2
mimi page, 2
ganon, 2
vlien boy, 2
volterix, 2
vongloe, 2
mndr, 2
klp, 2
akylla, 2
jack u, 2
g-eazy, 2
woogie, 2
ahoy, 2
wraz, 2
jon casey, 2
infekt, 2
aero chord, 2
krymsa, 2
yakz, 2
yari, 2
mxm, 2
myrne, 2
franky nuts, 2
ab the thief, 2
nevve, 2
nexu5, 2
zaita, 2
zebbler encanti experience, 2
50 carrot, 2
zeke beats, 2
dead as disco, 1
hunter siegel, 1
hvdes, 1
hxv, ricky remedy, debroka, 1
chodegang, 1
hypho, 1
hytyd, 1
i.v., 1
i.y.f.f.e, 1
iamu, 1
ian munro, 1
ibenji, 1
ilivehere., 1
axel thesleff, 1
ak hash, 1
impala, 1
indigo beck, 1
clyde, 1
codd dubz, 1
init, 1
b sides, 1
intikon, 1
ivan reys, 1
ives, 1
coffi, 1
b. lewis, 1
contrvbvnd, 1
convex, 1
jade cicada, 1
jai wolf, 1
jam p r d, 1
aktive, 1
jammin, 1
coppa, 1
jarell perry, 1
corporate, 1
cosma, 1
javeon, 1
jawns, 1
cousin litt, 1
jayceeoh, 1
covah, 1
jenna sousa, 1
jenni potts, 1
jesse marco, 1
jessica audiffred, 1
jfb, 1
jfo, 1
joe ford, 1
joegarratt, 1
craz, 1
bad royale, 1
josh congress, 1
joy, 1
joyia, 1
joyryde, 1
501, 1
jrab, 1
judge, 1
juicy j, 1
julius c, 1
creation, 1
jum, 1
jumodaddy, 1
junkie kid, 1
creepa, 1
just a tune, 1
justyle, 1
jvo, 1
crichy crich, 1
k spacely, 1
crnkn, 1
k. ro, 1
badphaze, 1
cruel reaction, 1
kai, 1
cruk, 1
kaivon, 1
kalulu, 1
kang, 1
kanomotis, 1
karol tip, 1
cryate, 1
kasbo, 1
kasra, 1
kat nestel, 1
kato, 1
crystal knives, 1
kayoh, 1
crystal lake, 1
keenan mathias, 1
kei leeza, 1
keku, 1
kelsey bulkin, 1
kerli, 1
keys n krates, 1
kgto, 1
khalid, 1
khamsin, 1
crywolf, 1
kicks n licks, 1
adam bomb, 1
current value, 1
kimbra, 1
king tutt, 1
cvrse, 1
cxloe, 1
kll smth, 1
cybersex, 1
knat turner, 1
knutzy, 1
d menis, 1
kotek, 1
koven, 1
kozmoz, 1
d-jahsta, 1
krayysh, 1
krime fyter, 1
d-john, 1
kromestar, 1
kronic, 1
dabin, 1
krys talk, 1
krysh, 1
baewatch, 1
adara, 1
dakota, 1
dala, 1
la methode, 1
last night, 1
lauv, 1
alunageorge, 1
lazy boyz, 1
leah culver, 1
leet, 1
dallask, 1
lestr, 1
danez, 1
liam cormier, 1
like lions, 1
like this., 1
lil debbie, 1
lil jon, 1
lil traffic, 1
dan�l, 1
litlbird, 1
little dragon, 1
lock n bounce, 1
dapp, 1
lonemoon, 1
amantius, 1
lost, 1
lost dogz, 1
lost kings, 1
datsik, 1
louiejayxx, 1
louis futon, 1
lox chatterbox, 1
lpx, 1
daya, 1
luciana, 1
ludge, 1
banora, 1
lupe fiasco, 1
dead critic, 1
deadcrow, 1
bar 9, 1
deafkulture, 1
m a z e, 1
amf, 1
m3h, 1
decadon, 1
machinecode & lockjaw, 1
decimal bass, 1
mad zach, 1
definitive, 1
madelyn grant, 1
madeon, 1
deflo, 1
magmag, 1
majistrate, 1
makla, 1
maksim, 1
maliboux, 1
malignate, 1
mamm0th, 1
mansionair, 1
mark hardy, 1
deft, 1
delaney jane, 1
denzel curry, 1
desembra, 1
andrew luce, 1
masta blasta, 1
dia frampton, 1
barenhvrd, 1
matt mcguire, 1
barrington levy, 1
mayhem, 1
mayor apeshit, 1
maytek, 1
mc id, 1
meaux green, 1
med, 1
medasin, 1
basilisk bass, 1
dillon francis, 1
megan hamilton, 1
meilur, 1
meme team, 1
mercer, 1
dimibo, 1
mesck, 1
andromulus, 1
metapod, 1
mhu, 1
mia vaile, 1
bassnectar (west coast lo-fi), 1
michael sparks, 1
basstrick, 1
miella, 1
dirty audio, 1
dirty zblu, 1
mihka!, 1
mikrodot, 1
milano, 1
milo, 1
batsy, 1
dirtysnatcha, 1
misery, 1
misfit massacre, 1
miss trouble, 1
mits, 1
anfa rose, 1
mob tactics, 1
disprove, 1
monolog, 1
monsoonsiren, 1
beardyman, 1
beck, 1
divinity, 1
morebrains, 1
moth, 1
mr  carmack, 1
mr. carmack, 1
mr.k, 1
mt. analogue, 1
muk, 1
muk., 1
mura masa, 1
dj hanzel, 1
dj pound, 1
muzzy, 1
mvpvche, 1
benasis, 1
my nu leng, 1
djemba djemba, 1
nacey, 1
naomi olive, 1
naomi wild, 1
nasko, 1
nastynasty, 1
nate lowpass, 1
nato feelz, 1
dmise, 1
nesmo, 1
neurotic, 1
bentley montes, 1
bentz, 1
big city, 1
nick row, 1
nightowls, 1
dolf, 1
nite school klik, 1
nitepunk, 1
dolphin riddim, 1
njomza, 1
no mana, 1
no tmrw, 1
noa, 1
dombresky, 1
noahplause, 1
donnis, 1
noer the boy, 1
noisestorm, 1
anjulie, 1
nomia, 1
big n slim, 1
not alone!, 1
not your dope, 1
notixx, 1
noya, 1
nstasia, 1
nurko, 1
nxsty, 1
nymfo, 1
dough boy, 1
bishu, 1
downthealley, 1
anna yvette, 1
dr fresch, 1
omar linx, 1
dr. fresch, 1
dr. hope, 1
orbite, 1
black sun empire, 1
oski, 1
oski vs creaky jackals, 1
otis, 1
outlit, 1
ov, 1
overload, 1
p a t h, 1
p money, 1
p0gman, 1
annika wells, 1
drezo, 1
pane mua, 1
paperwings, 1
droeloe, 1
dub fx, 1
party favor, 1
blacks, 1
partywave, 1
pasdat, 1
pastel mute, 1
patrickreza, 1
peacemakers, 1
pearl andersson, 1
duran, 1
durandal, 1
phex, 1
addergebroed, 1
dylan matthew, 1
plazid, 1
plstk., 1
point.blank, 1
dynvmic, 1
dyson, 1
eastghost, 1
portz, 1
posij, 1
pplprsn, 1
prismo, 1
proko, 1
eazybaked, 1
protial, 1
echos, 1
proxima, 1
blank, 1
py, 1
qa, 1
ecto, 1
blanke, 1
qzb, 1
ragga twins, 1
blaqout, 1
ranga, 1
rathero, 1
elea, 1
electric mantis, 1
aowl, 1
reach, 1
redbarrington, 1
apashe, 1
rekoil, 1
ellusive, 1
elohim, 1
elora zamar, 1
ember island, 1
rico, 1
emilian wonk, 1
emilie brandt, 1
emma sameth, 1
enigma dubz, 1
rl grime, 1
robotaki, 1
rotallicso, 1
rou, 1
roxas, 1
rufus!, 1
enschway, 1
runn, 1
rushmore, 1
rusko, 1
ry x, 1
rye rye, 1
sabrina carpenter, 1
safire, 1
said the sky, 1
salvatore ganacci, 1
sam gellaitry, 1
ephwurd, 1
bloodhound, 1
architekt, 1
eric leva, 1
erin finlay, 1
sara diamond, 1
sara kendall, 1
sasha sloan, 1
savory, 1
blu j, 1
saymyname, 1
sbk, 1
blvk sheep, 1
scarz, 1
sectra, 1
seek n destroy, 1
sem, 1
seppa, 1
seriph, 1
etc!etc!, 1
boarcrok, 1
shadient, 1
shanghai doom, 1
shank, 1
shank aaron, 1
sharps, 1
ship wrek, 1
eugene, 1
euthinme, 1
shoffy, 1
shoolz, 1
shy girls, 1
evil boys choir, 1
evilwave, 1
simon morel, 1
simula, 1
sinners heist, 1
sirius, 1
bok nero, 1
six sunsets, 1
skellism, 1
skenz, 1
skin deep, 1
boltex, 1
skrude, 1
exclusion, 1
skull'egg, 1
skum, 1
extra terra, 1
skyler stonestreet, 1
fabian mazur, 1
slim jesus, riot ten, 1
slimez, 1
slow hours, 1
fable, 1
faethoms, 1
smash bros., 1
false panic, 1
bonnie, 1
snavs, 1
snowy, 1
so sus, 1
sobe lash, 1
sofocle, 1
fatherdude, 1
faytal, 1
fed-up, 1
space jesus, 1
armnhmr, 1
feki, 1
boogie t., 1
40 love, 1
fill spectre, 1
state of mind, 1
steez, 1
fki 1st, 1
steve void, 1
stoltenhoff, 1
stuca, 1
st�louse, 1
sub artillery, 1
a.m.c, 1
subfiltronik, 1
subfiltronik!!!, 1
aazar, 1
boy kid cloud, 1
substance, 1
brainpain, 1
subtension, 1
fly, 1
fomo, 1
foreign beggars, 1
supercool!, 1
supertask, 1
foreign concept, 1
swagglerock, 1
sweet teeth, 1
sydnee carter, 1
syence, 1
synchronice, 1
foreign twiinz, 1
2fac3d, 1
taranchyla, 1
brewski, 1
taska black, 1
team ezy, 1
teddy killerz, 1
fossa beats, 1
tempest, 1
tengraphs, 1
terravita, 1
terror bass, 1
foy, 1
the arcturians, 1
the chainsmokers, 1
fracture, 1
the fryks, 1
briana marela, 1
the game, 1
the glitch mob, 1
the khan don, 1
atlas, 1
the weeknd, 1
britanny be, 1
thelem, 1
tiedye ky, 1
tilian, 1
tim parker, 1
atlast, 1
bronze whale, 1
fvckdivmonds, 1
against humanity, 1
too vain, 1
audrey english, 1
buku, 1
tove lo, 1
traax, 1
galimatias, 1
travis richter, 1
trayfee, 1
tre justice, 1
tri-soul, 1
triarchy, 1
burns, 1
bvkn, 1
ganz, 1
troyboi, 1
gawtbass, 1
trvcy, 1
trvma, 1
trypz, 1
general jah mikey, 1
gent, 1
tusk, 1
caked up, 1
tvboo, 1
autoerotique, 1
gft, 1
calvin hobbes, 1
twofold, 1
tyeguys, 1
cambot, 1
cammie robinson, 1
gladiator, 1
cappa, 1
aviella, 1
goldplate, 1
unnatural forces, 1
gommi, 1
goodtimemiller, 1
valentine, 1
carnage, 1
van nostrand, 1
grabbitz, 1
gramz, 1
vince staples, 1
vincent, 1
vindata, 1
vip, 1
viperactive, 1
aviella winder, 1
castor troy, 1
cavaro, 1
cciv, 1
growlz, 1
gryffin, 1
gta, 1
waka flocka flame, 1
watch the duck, 1
watgood, 1
watson, 1
wavedash, 1
wavemode, 1
wehavetojump, 1
west coasted, 1
guccimen, 1
abrax phaeton, 1
whyel, 1
wild boyz!, 1
wildfire, 1
wildlyf, 1
ahsha, 1
willy p, 1
hailo, 1
halfred, 1
chapman, 1
woolymammoth, 1
charli brix, 1
hearts, 1
wynne, 1
charlie zane, 1
henning, 1
xan griffin, 1
xavi, 1
charmae, 1
xkore, 1
chaz french, 1
awe, 1
hi i'm ghost, 1
aidan, 1
hier, 1
yiro, 1
ylti, 1
high dude, 1
hijak, 1
yuna, 1
cherry eye, 1
yvng jalapeno, 1
zabo, 1
awoltalk, 1
zashanell, 1
zayon, 1
zblu, 1
chief street, 1
hounds, 1
chiefs, 1
zhomek, 1
2fly, 1
zyra, 1
