Artist,Count
"ternion sound",89
"leo cap",31
"kercha",29
"blurrd vzn",28
"shanghai doom",28
"monty",26
"visages",26
"11th hour",24
"alix perez",22
"criso",22
"chef boyarbeatz",21
"thook",20
"tsuruda",20
"mythm",18
"saka",18
"fred again..",17
"hypho",17
"the widdler",16
"dlr",16
"shades",15
"slang dogs",15
"barely alive",15
"space wizard",15
"wraz.",15
"effin",15
"lyny",15
"phrva",15
"peekaboo",15
"runnit",14
"hairitage",14
"saint miller",14
"aweminus",14
"distinct motive",14
"medicine place",14
"fshr",14
"q100",14
"sammy virji",13
"thematic",13
"break",13
"hijinx",13
"flo",13
"fly",12
"pav4n",12
"strategy",12
"bukez finezt",12
"tvboo",12
"infekt",12
"notion",12
"sully",12
"jordnmoody",12
"enigma dubz",12
"chibs",12
"borne",12
"cyclops",12
"drone",12
"yoofee",11
"dank frank",11
"dirt monkey",11
"deafadil",11
"toby ross",11
"trip b",11
"xotix",11
"nosphere",11
"gunpoint",11
"fabian mazur",11
"taiki nulight",11
"disaffected",11
"rsun",11
"klinical",10
"ramsay",10
"section!",10
"muerte",10
"dublink",10
"wraz",10
"volume unit",10
"body ocean",10
"ozztin",10
"nvadrz",10
"vxrt",9
"isoxo",9
"rwb",9
"tape b",9
"viperactive",9
"buzz junior",9
"xaebor",9
"widow",9
"truth",9
"potions",9
"coltcuts",9
"dj jackum",9
"cesco",9
"fracture",9
"idhs",9
"troyboi",9
"particle",8
"tmsv",8
"y u qt",8
"pierce",8
"eazybaked",8
"dêtre",8
"napes",8
"breathworkz",8
"simula",8
"kursa",8
"bullet tooth",8
"cøntra",8
"gisaza",8
"carbin",8
"mystic state",8
"tiedye ky",8
"bizo",8
"vctre",8
"moody good",7
"shlump",7
"herbalistek",7
"vellum",7
"oz",7
"eater",7
"don jamal",7
"stuca",7
"dankhai shroom",7
"flozone",7
"kippo",7
"juni",7
"samplifire",7
"jleon",7
"snuffy",7
"as.98",7
"hol!",7
"hekler",7
"myrias",7
"casey club",7
"matroda",7
"ninety",7
"untrue",7
"caspa",7
"cartridge",7
"basura",7
"louiejayxx",7
"mr. carmack",7
"okayjake",7
"dizzy!",7
"ponicz",7
"kompany",7
"louis the child",7
"merricat black",7
"cvptvgon",6
"bankaji",6
"høst",6
"avance",6
"super future",6
"stvsh",6
"loj",6
"ome",6
"ago",6
"ydg",6
"senncoria",6
"gaszia",6
"knock2",6
"dassim",6
"acyan",6
"badklaat",6
"dabow",6
"halogenix",6
"g jones",6
"g-rex",6
"just john",6
"jon casey",6
"holly",6
"lavier",6
"san pacho",6
"skinny limbs",6
"abstrakt sonance",6
"cimm",6
"eyezic",6
"skrillex",6
"meso",6
"black barrel",6
"envy",6
"ecraze",6
"eugene",6
"tynan",6
"ivy lab",6
"vince grave",6
"workforce",6
"calcium",6
"griz",6
"mind splitter",6
"two swords",6
"black carl!",5
"atmos",5
"daggz",5
"oddkut",5
"rumble",5
"flowdan",5
"kai wachi",5
"bandlez",5
"ag",5
"gallium",5
"furtha",5
"odd mob",5
"tron3x",5
"sling wave",5
"ghost lotus",5
"no-li",5
"virx",5
"lampa",5
"typhon",5
"samurai breaks",5
"instant party!",5
"molecular",5
"bvckets",5
"jalaya",5
"illoh",5
"hurtbox",5
"felmax",5
"xenotype",5
"tree gaud",5
"efan",5
"substrada",5
"cozy kev",5
"jack blom",5
"imanu",5
"pharma",5
"torcha",5
"emalkay",5
"of the trees",5
"quix",5
"finneh",5
"tisoki",5
"whales",5
"ashez",5
"gawm",5
"loompaskettee",5
"pllfry",5
"leotrix",5
"twopercent",5
"ugly lungs",5
"neonix",5
"prizmack",5
"lost",5
"øz",5
"sisto",5
"onhell",5
"nxsty",5
"sleepnet",5
"lord genmu",5
"barclay crenshaw",5
"waeys",4
"jaynie",4
"symbiosa",4
"studder",4
"molokai",4
"heyz",4
"kollaba",4
"netgate",4
"finnuh",4
"komplvint",4
"roklem",4
"sebalo",4
"emz",4
"alexis b",4
"dmvu",4
"chozen",4
"trip drop",4
"moore kismet",4
"ruvlo",4
"abelation",4
"nitepunk",4
"kvolx",4
"amoss",4
"arya",4
"bwompster",4
"impulse.",4
"comisar",4
"teffa",4
"eprom",4
"tsou",4
"alias",4
"coco bryce",4
"isded",4
"mport",4
"wooflet",4
"causa",4
"lokal",4
"devious",4
"levity",4
"hebbe",4
"ujuu",4
"kuhlosul",4
"bleu clair",4
"jiqui",4
"togeki",4
"umbra",4
"escpe",4
"yojas",4
"pyke",4
"gorillat",4
"esseks",4
"allen mock",4
"bauti",4
"deft design",4
"packet loss",4
"inzo",4
"the sponges",4
"dack janiels",4
"substance",4
"hydraulix",4
"sepia",4
"welon",4
"g-space",4
"mahsiv",4
"leet",4
"aych",4
"automhate",4
"control freak",4
"rankz",4
"og nixin",4
"unkey",4
"ivory",4
"kizer",4
"bunda",4
"chomppa",4
"know good",4
"mfinity",4
"player dave",4
"dirtysnatcha",4
"cromatik",4
"shoku",4
"phiso",4
"yakz",4
"hostage situation",4
"jabbs",4
"snowy",4
"suahn",4
"ktrl",4
"lumasi",4
"buunshin",4
"azotix",4
"beastboi.",4
"wiley",4
"dizzy",4
"rausch",4
"trail",4
"outrage",4
"erbes",4
"oddprophet",4
"neotek",4
"overeazy",3
"crastinate",3
"hyroglifics",3
"swampz",3
"perry wayne",3
"sterfry",3
"phurn",3
"zeds dead",3
"contra",3
"space laces",3
"z-dougie",3
"untitld",3
"highdruh",3
"mighty duck",3
"requake",3
"dokku",3
"mindex",3
"x&g",3
"laxx",3
"rsrch chmcls",3
"grimwerx",3
"dennett",3
"hukae",3
"gresha",3
"devowr",3
"jukaa",3
"farce",3
"killa p",3
"robu",3
"nyquist",3
"monrroe",3
"raftyr",3
"zero t",3
"honü",3
"speckz",3
"sidequest",3
"dj swisherman",3
"renzo",3
"die by the sword",3
"star monster",3
"atyya",3
"saturna",3
"westt",3
"eptic",3
"drinkurwater",3
"pandoh",3
"dope",3
"jamie brown",3
"bushbaby",3
"delta",3
"tian",3
"ryns",3
"disinety",3
"get back",3
"skeptic",3
"supertask",3
"thred",3
"sqishi",3
"jpky",3
"sicari",3
"zoinks",3
"gabriel muñoz",3
"montycler",3
"jawnsin",3
"msft",3
"seth david",3
"stylust",3
"skxllflower",3
"copycatt",3
"nikko",3
"sumthin sumthin",3
"er",3
"dveight",3
"zcr",3
"yojas.",3
"yoked",3
"so dope",3
"chee",3
"swomp",3
"keetz",3
"head$tash",3
"schmux",3
"mikrodot",3
"skeemuh",3
"jexol",3
"smol",3
"3wa",3
"innocent",3
"skudd",3
"frents",3
"roché",3
"jacknife",3
"h4rdy",3
"nape's",3
"shwilly",3
"chief kaya",3
"hamdi",3
"spacewalk",3
"wink",3
"cave studio",3
"aylen",3
"graphyt",3
"quasar",3
"asher",3
"akira khan",3
"yum.yum",3
"posij",3
"not yes",3
"koherent",3
"inari",3
"noer the boy",3
"karezza",3
"rez",3
"knerv",3
"sustance",3
"coka cobra",3
"script",3
"knwn",3
"bailzwil",3
"adame",3
"jkyl",3
"hyde",3
"roots",3
"lucid slip",3
"asáu",3
"subdocta",3
"vastive",3
"odesza",3
"droplitz",3
"wooli",3
"nazaar",3
"virus syndicate",3
"snith",3
"persy",3
"adiios",3
"protial",3
"remk",3
"duffrey",3
"detoor",3
"smokestax",3
"noiz-e-boi",3
"hexed",3
"kll smth",3
"subculture",3
"combine",3
"darby",3
"claybrook",3
"azabim",3
"bagg",3
"morty",3
"specialist moss",3
"para",3
"point.blank",3
"esentrik",3
"rakjay",3
"clb",3
"yoko",3
"dropwizz",3
"lumberjvck",3
"sushi mane",3
"cure97",3
"mikayli",3
"hoax",3
"chmura",3
"headland",3
"2sum",3
"bernzikial",3
"rizzle",3
"bensley",3
"justin hawkes",3
"kumarion",3
"zurglin",3
"superave.",3
"funtcase",3
"pigeon hole",3
"whiskerz",3
"highrollr",3
"future",3
"uz",3
"it might be dylan",3
